[
  {
    "id": "1",
    "slug": "building-emotional-health-marriage",
    "title": "Building Emotional Health in Your Marriage",
    "excerpt": "Discover the foundational practices that create emotionally safe and resilient marriages.",
    "content": "# Building Emotional Health in Your Marriage\n\nA healthy marriage is built on a foundation of emotional safety, trust, and continuous growth. Let's explore the key practices that transform ordinary relationships into thriving partnerships.\n\n## The Power of Emotional Safety\n\nEmotional safety is the cornerstone of any healthy relationship. When both partners feel safe to be vulnerable, authentic, and heard, magic happens. But how do we create this safety?\n\n### 1. Active Listening Without Fixing\n\nOne of the most powerful gifts you can give your partner is genuine presence and listening. Not listening to fix, advise, or interrupt—but listening to understand.\n\n### 2. Vulnerability as Strength\n\nMany couples struggle with showing vulnerability, fearing it will be used against them. Yet vulnerability is what deepens connection and builds intimacy.\n\n### 3. Regular Check-Ins\n\nSchedule weekly check-ins to discuss feelings, dreams, and concerns. This simple practice prevents small issues from becoming big resentments.\n\n## Practical Steps This Week\n\n- Have one 20-minute conversation focused purely on listening\n- Share something vulnerable you've been hesitant to express\n- Ask your partner what makes them feel most loved\n\nRemember: a thriving marriage is built moment by moment, through small acts of love and commitment.",
    "author": "Aduké L.",
    "category": "Marriage & Relationships",
    "tags": ["marriage", "emotional-health", "communication"],
    "image": "/placeholder.svg?height=400&width=600",
    "publishedAt": "2024-11-01",
    "featured": true
  },
  {
    "id": "2",
    "slug": "raising-emotionally-strong-children",
    "title": "Raising Emotionally Strong Children in a Complex World",
    "excerpt": "Practical strategies to help your children develop emotional resilience and confidence.",
    "content": "# Raising Emotionally Strong Children\n\nIn today's complex world, raising emotionally strong children is more important than ever. Children need to develop resilience, emotional intelligence, and a strong sense of self-worth.\n\n## Understanding Emotional Strength\n\nEmotional strength is not about suppressing feelings or being tough. Rather, it's about understanding emotions, expressing them healthily, and bouncing back from challenges.\n\n## Key Practices\n\n### Name the Emotions\nHelp your children identify and name their feelings. This simple practice builds emotional vocabulary and self-awareness.\n\n### Validate Their Feelings\nWhen children feel understood, they develop secure attachment and trust. Validation doesn't mean agreeing with behavior—it means acknowledging feelings.\n\n### Model Healthy Emotional Expression\nChildren learn by watching us. When we handle our emotions with grace and resilience, we teach them how to do the same.\n\n### Create Safety for Failure\nEmotional strong children aren't afraid to fail because they know failure is part of growth. Create an environment where mistakes are learning opportunities.\n\n## This Month's Challenge\n\nPick one emotion your child struggles with (anger, fear, sadness). Spend time this month helping them understand and express it healthily.",
    "author": "Aduké L.",
    "category": "Parenting",
    "tags": ["parenting", "emotional-intelligence", "resilience"],
    "image": "/placeholder.svg?height=400&width=600",
    "publishedAt": "2024-10-25",
    "featured": true
  },
  {
    "id": "3",
    "slug": "boundaries-self-care",
    "title": "Boundaries Are Love: Why Setting Limits Transforms Your Life",
    "excerpt": "Learn how healthy boundaries protect your peace and strengthen your relationships.",
    "content": "# Boundaries Are Love\n\nMany people struggle with setting boundaries, fearing they'll be seen as selfish or uncaring. But the truth is: boundaries are one of the most loving things we can establish—for ourselves and others.\n\n## The Boundary Myth\n\nMyth: Good people don't set boundaries.\nTruth: Healthy boundaries are a sign of self-respect and emotional maturity.\n\nMyth: Boundaries are selfish.\nTruth: Boundaries actually enable us to show up more authentically in our relationships.\n\nMyth: Setting boundaries will damage relationships.\nTruth: Boundaries clarify expectations and often strengthen relationships.\n\n## Three Types of Boundaries\n\n### Physical Boundaries\nThese relate to personal space, touch, and physical privacy. Examples include saying no to unwanted hugs or establishing your need for alone time.\n\n### Emotional Boundaries\nThese protect your emotional well-being. They include not absorbing others' emotions, not feeling responsible for fixing them, and not letting others' moods control yours.\n\n### Time Boundaries\nThese protect your time and energy. They include saying no to demands on your schedule and protecting time for rest and self-care.\n\n## Starting This Week\n\n1. Identify one area where you struggle with boundaries\n2. Practice saying 'no' or 'let me think about it' instead of automatic yes\n3. Notice how you feel when you honor your boundaries",
    "author": "Aduké L.",
    "category": "Personal Development",
    "tags": ["boundaries", "self-care", "wellness"],
    "image": "/placeholder.svg?height=400&width=600",
    "publishedAt": "2024-10-18",
    "featured": false
  }
]
