[
  {
    "id": "1",
    "authorName": "Sarah M.",
    "authorTitle": "Wife & Mother",
    "content": "Aduké's marriage coaching transformed our relationship. We learned to communicate authentically and rediscover the love we'd almost lost. Highly recommend!",
    "rating": 5,
    "serviceId": "1",
    "serviceName": "Marriage Coaching",
    "approved": true,
    "image": "/placeholder.svg?height=100&width=100"
  },
  {
    "id": "2",
    "authorName": "James O.",
    "authorTitle": "Father of Two",
    "content": "The parenting coaching gave me tools I desperately needed. My kids are happier, I'm less stressed, and our home feels more peaceful. Worth every penny.",
    "rating": 5,
    "serviceId": "2",
    "serviceName": "Parenting Coaching",
    "approved": true,
    "image": "/placeholder.svg?height=100&width=100"
  },
  {
    "id": "3",
    "authorName": "Zainab H.",
    "authorTitle": "Church Leader",
    "content": "We brought Aduké in for a workshop on family wellness. The content was deep yet accessible, and the entire congregation felt the impact. Booking her again!",
    "rating": 5,
    "serviceId": "5",
    "serviceName": "Workshops",
    "approved": true,
    "image": "/placeholder.svg?height=100&width=100"
  },
  {
    "id": "4",
    "authorName": "Chioma I.",
    "authorTitle": "Young Professional",
    "content": "I struggled with confidence and identity. Through our sessions, I discovered my worth and learned to live authentically. Life-changing!",
    "rating": 5,
    "serviceId": "3",
    "serviceName": "Confidence Coaching",
    "approved": true,
    "image": "/placeholder.svg?height=100&width=100"
  }
]
